Fold,MAE,R2
1,4617893806.684915,-0.028868661094795394
2,4629692983.435776,-0.014854114428273335
3,4586705490.850304,-0.01940429921198239
4,4590915026.474782,-0.023510353117336697
5,4544188849.460919,-0.010493618741848287
